,Close Price Prediction,Off-by Percentage,Difference,index,Current Close
55,186.96200149536133,0.05628249432407534,9.962001495361335,1621,177.0
107,18.85300012588501,0.05206473468855141,0.9330000495910653,42,17.920000076293945
543,228.090799407959,0.04922397556628405,10.70080001831056,2052,217.38999938964844
331,336.7071044921875,0.0464541716587161,14.947094726562511,1557,321.760009765625
68,130.23719886779784,0.04223111253192162,5.277199783325187,1762,124.95999908447266
548,28.532899894714355,0.04096680239158275,1.1229000473022452,18,27.40999984741211
322,200.48729873657226,0.04057352282098554,7.817300567626944,1659,192.6699981689453
129,69.547001953125,0.036159104696499196,2.4269992065429733,726,67.12000274658203
176,293.20810333251956,0.03607103651066981,10.208103332519556,1542,283.0
116,176.94169784545898,0.03269348445952764,5.60170150756835,1887,171.33999633789062
468,83.58289802551269,0.030742407204391704,2.4929016876220658,714,81.08999633789062
111,307.0087057495117,0.02998858726356219,8.938698425292955,1562,298.07000732421875
433,326.9406948852539,0.025825056166574167,8.230703430175765,1560,318.7099914550781
481,22.840600509643554,0.025161571172395272,0.5605998229980464,34,22.280000686645508
27,183.06749710083008,0.0250713973612949,4.4775007629394565,1984,178.58999633789062
114,217.50329849243164,0.023785839570619315,5.053301544189452,1367,212.4499969482422
60,159.51140396118163,0.023690132611033015,3.691396636962878,2208,155.82000732421875
357,127.93650108337403,0.02341011836760378,2.926498947143557,1072,125.01000213623047
16,63.94159938812256,0.02339308349223331,1.4615998458862336,612,62.47999954223633
249,188.07579818725586,0.02320766381220522,4.265800628662106,1639,183.80999755859375
87,29.136499843597413,0.022692175418500375,0.6465000724792489,12,28.489999771118164
486,142.21949813842772,0.021912050079791433,3.0494999694824116,1771,139.1699981689453
465,26.19859966278076,0.021786282622059894,0.5586002731323241,256,25.639999389648438
204,40.6363000869751,0.021782741243150067,0.8662996292114258,464,39.77000045776367
537,169.41414779663086,0.021551806184667774,3.574151458740232,1906,165.83999633789062
389,173.34299835205078,0.021467303885218676,3.643001403808597,1925,169.6999969482422
409,195.84370376586915,0.021402410321988825,4.103698272705088,1738,191.74000549316406
263,106.90549964904785,0.020967439440086548,2.195500564575198,813,104.70999908447266
561,194.53350494384765,0.020798118629894138,3.963497619628896,1634,190.57000732421875
524,236.04139785766603,0.019705383680306922,4.5614021301269645,1346,231.47999572753906
346,53.4160998916626,0.019196719083756433,1.0061000442504877,556,52.40999984741211
131,159.95590423583985,0.018892277462879234,2.9658987426757903,1844,156.99000549316406
260,188.41799743652345,0.018585802726735344,3.4380017089843875,1661,184.97999572753906
276,160.81030319213866,0.01856028767861513,2.9302983093261616,2137,157.8800048828125
422,229.7384004211426,0.017937870246544852,4.048397979736336,1322,225.69000244140625
140,158.78470291137694,0.01772015487249925,2.764698638916002,2143,156.02000427246094
555,187.2791032409668,0.017710568920976815,3.2590989685058673,1941,184.02000427246094
92,176.51330001831056,0.017367723448475845,3.0133000183105594,1135,173.5
475,159.95659957885744,0.017212079992734088,2.7065995788574355,1854,157.25
253,53.96989990234375,0.016956853451938012,0.8999002075195293,533,53.06999969482422
181,141.52850173950196,0.016581672881464858,2.308500518798837,1872,139.22000122070312
328,197.48580169677734,0.01655323700825319,3.2157974243164062,1220,194.27000427246094
281,165.14660331726074,0.01634929986022089,2.6565978240966786,1623,162.49000549316406
377,134.9891035461426,0.016101598376745237,2.139097442626962,1035,132.85000610351562
403,75.76530059814453,0.015484519211124134,1.1552999877929722,734,74.61000061035156
293,235.92429641723632,0.015164813310286662,3.524302520751945,1313,232.39999389648438
472,171.40239974975586,0.015056254472430933,2.5423991394042957,2130,168.86000061035156
457,124.88179870605468,0.01505161298164153,1.8517999267578062,958,123.02999877929688
340,115.88240173339844,0.014820905997095509,1.6923992919921886,985,114.19000244140625
97,174.8280014038086,0.014672073750871569,2.527998352050787,2112,172.3000030517578
343,65.987300491333,0.014564876421757623,0.9472995758056584,637,65.04000091552734
400,171.73199798583985,0.014484872543860517,2.451999206542979,1618,169.27999877929688
133,40.10089950561523,0.013929210598782021,0.5509002685546847,468,39.54999923706055
203,150.79829864501954,0.01390642759964465,2.06830291748048,1790,148.72999572753906
267,170.86169815063477,0.013655082020518617,2.3017005920410156,1812,168.55999755859375
95,160.06920288085936,0.013481071334306337,2.1292004394531148,2136,157.94000244140625
228,246.2943020629883,0.013223219547972552,3.2143002319336063,2045,243.0800018310547
98,55.898398818969724,0.013202839844109726,0.7284006500244118,599,55.16999816894531
450,25.61110046386719,0.013097300958404983,0.3310997772216808,257,25.280000686645508
438,338.8476043701172,0.012967009888676734,4.33759460449221,1426,334.510009765625
287,135.95810005187988,0.012949626101692055,1.7380988311767567,1032,134.22000122070312
148,26.21949968338013,0.01233591002145294,0.31950006484985494,138,25.899999618530273
46,88.66280067443847,0.012016893696522996,1.0528000640869095,691,87.61000061035156
195,162.31109985351563,0.011977682344147316,1.921100463867191,2133,160.38999938964844
549,47.58649909973145,0.011832879755028836,0.5565003204345729,477,47.029998779296875
196,136.08599639892577,0.011716615541232073,1.5760018920898347,939,134.50999450683594
378,241.46110137939453,0.011609614603228033,2.7710989379882847,2252,238.69000244140625
201,170.791798248291,0.011560068424156668,1.951801910400377,1200,168.83999633789062
522,164.17450393676756,0.011424941651491145,1.8544966125488145,1852,162.32000732421875
86,114.25970046997071,0.01141629844500021,1.289699249267585,844,112.97000122070312
546,23.200100269317627,0.011338261953126611,0.2600997352600096,88,22.940000534057617
159,349.3490008544922,0.011315998105196286,3.9089984130859534,1518,345.44000244140625
314,179.98599731445313,0.011270938504712393,2.006001586914067,2159,177.97999572753906
24,169.41549850463866,0.011254699093179932,1.8854997253417878,2222,167.52999877929688
295,410.8771969604492,0.011016739988202991,4.477203063964851,1458,406.3999938964844
229,34.67619960784912,0.010967941083278393,0.37620037078857393,455,34.29999923706055
271,172.32079818725586,0.010323643608503274,1.7608006286621105,1921,170.55999755859375
75,225.2109001159668,0.010276789726533554,2.2909019470214957,1331,222.9199981689453
99,26.9027995300293,0.010244099806980387,0.272800369262697,279,26.6299991607666
307,29.266299533843995,0.01022782973808754,0.29630022048950266,178,28.969999313354492
169,122.02510040283204,0.01022517988197088,1.2350994873046943,982,120.79000091552734
136,67.87690105438233,0.010223226492290979,0.6868986129760799,654,67.19000244140625
170,23.925300254821778,0.009932448942999607,0.23529972076416072,79,23.690000534057617
437,123.24059913635254,0.009920514374872335,1.210600357055668,1076,122.02999877929688
224,125.16829765319824,0.009828969221070462,1.2183007049560501,1006,123.94999694824219
54,203.40560287475586,0.009757746274458818,1.965600433349607,1728,201.44000244140625
41,142.53000244140625,0.009705290052104312,1.3699987792968784,1084,141.16000366210938
222,323.35300079345706,0.009689307707906498,3.1030007934570563,1558,320.25
1,172.80699630737305,0.009681580309555108,1.6570024108886798,1806,171.14999389648438
532,27.603500080108642,0.009637890491957785,0.26349992752075124,243,27.34000015258789
339,379.02900268554686,0.009559450833161367,3.589000244140607,1513,375.44000244140625
4,192.26590072631836,0.0094287787793642,1.795899505615239,1151,190.47000122070312
149,93.77410041809082,0.009409029901559509,0.8740988922119186,711,92.9000015258789
30,135.29380157470703,0.009278616147953231,1.2437985229492199,1086,134.0500030517578
63,29.238899974823,0.008585726308035595,0.24890020370483512,323,28.989999771118164
573,105.32380043029785,0.008558844417409919,0.8938001251220697,814,104.43000030517578
186,201.14789810180665,0.008512916417868228,1.6979011535644588,1974,199.4499969482422
218,22.758999824523926,0.008373953577990024,0.18900012969970703,120,22.56999969482422
552,233.8134994506836,0.008294881478709519,1.9235000610351562,1377,231.88999938964844
165,63.227699775695804,0.00825547279191929,0.5177006912231477,622,62.709999084472656
394,60.049700813293455,0.008221951455864802,0.4896994400024397,571,59.560001373291016
541,193.57415084838868,0.008198702335357725,1.5741508483886832,2088,192.0
69,189.38170486450196,0.008153839293155416,1.5316987609863304,1970,187.85000610351562
476,186.55130508422852,0.008003986066822401,1.4812977600097668,2003,185.07000732421875
3,27.35709951400757,0.007999267842354345,0.21710012435913129,248,27.139999389648438
319,66.92700141906738,0.007936745196957262,0.5269998931884743,660,66.4000015258789
448,35.45780002593994,0.007896524114676796,0.2777997207641576,393,35.18000030517578
282,36.7063985824585,0.007863822842182172,0.286400413513185,449,36.41999816894531
327,73.86320091247559,0.007820984988237436,0.5731999969482473,738,73.29000091552734
383,29.55829999923706,0.007783841668082723,0.22830007553100629,164,29.329999923706055
500,150.04549926757812,0.007760762191325667,1.1554998779296852,1791,148.88999938964844
34,74.69370170593261,0.007740136779434148,0.5736989593505797,669,74.12000274658203
191,103.13769912719727,0.007696147189248271,0.7877006530761719,797,102.3499984741211
256,195.90339584350585,0.007578065232875613,1.473403167724598,2081,194.42999267578125
239,35.60700008392334,0.007555176292660432,0.2669999313354481,364,35.34000015258789
479,122.47019828796387,0.007487666565075302,0.9102007293701178,1077,121.55999755859375
88,436.73490264892575,0.007299617757785379,3.164895324707004,1493,433.57000732421875
103,62.23424945831299,0.00702670269600954,0.43425022125244084,613,61.79999923706055
270,159.6363963317871,0.006915624398163669,1.0964030456542844,1845,158.5399932861328
11,237.48419967651367,0.006758236004027855,1.594200286865231,1326,235.88999938964844
118,78.15809944152832,0.0066731073667288185,0.518100051879884,677,77.63999938964844
37,224.9080989074707,0.006660552997588516,1.4881007385253895,1320,223.4199981689453
205,193.61514724731444,0.006629671070512608,1.2751509094238145,1930,192.33999633789062
89,26.162199897766115,0.006625630171775195,0.17220012664795092,135,25.989999771118164
77,45.8148006439209,0.006476278189644557,0.29480018615722514,520,45.52000045776367
456,29.45940019607544,0.006470780162271235,0.18939973831176715,306,29.270000457763672
444,195.6997508239746,0.006323595390303076,1.2297496032714719,1660,194.47000122070312
76,28.386699428558348,0.0062637486643149585,0.1767003440856918,13,28.209999084472656
404,192.93799743652343,0.006143110989948951,1.1780029296874943,1191,191.75999450683594
388,79.12830078125,0.006081363586670997,0.4782992553710983,716,78.6500015258789
57,104.12720031738282,0.006059906448143144,0.6272003173828153,815,103.5
429,23.199199752807615,0.006036439292672986,0.13920028686523267,83,23.059999465942383
96,156.7929960632324,0.0059216075893950585,0.9230009460449082,2191,155.8699951171875
529,24.271699562072754,0.00587237489574994,0.1417004013061529,265,24.1299991607666
67,52.66699935913086,0.005671194067282522,0.2970004272460969,492,52.369998931884766
317,271.3053057861328,0.005616580278059569,1.5152972412109307,2272,269.7900085449219
397,91.1785986328125,0.005609357826604426,0.5086004638671824,784,90.66999816894531
177,126.15739952087402,0.005558747341706933,0.6974004364013666,1763,125.45999908447266
134,176.7306994628906,0.005408469053338676,0.9507006835937375,1208,175.77999877929688
390,177.0728955078125,0.00523929402955565,0.9229016113281148,1822,176.14999389648438
264,35.61200019836426,0.0051368865825803574,0.18199989318847543,405,35.43000030517578
507,164.63510192871092,0.005098283647096364,0.8350988769531114,2198,163.8000030517578
348,45.3988990020752,0.005067541341793887,0.22890083312988452,504,45.16999816894531
216,267.76340850830076,0.004929240912359198,1.3133963012695062,2267,266.45001220703125
127,136.70449798583985,0.004736884013014544,0.6445004272461006,908,136.05999755859375
566,227.24970169067382,0.004684995967238111,1.0596992492675668,1257,226.19000244140625
391,203.14060470581055,0.004602136200213773,0.9305979919433582,1649,202.2100067138672
58,137.61199989318848,0.004467152505025418,0.6119998931884822,916,137.0
74,147.14280059814453,0.004387717393478037,0.6428005981445324,1061,146.5
265,248.17410430908203,0.004346815779180666,1.0740982055664006,2280,247.10000610351562
19,120.39889762878418,0.0043284983921821054,0.5189003753662149,990,119.87999725341797
368,279.67900024414064,0.004233394054364951,1.1790002441406386,2265,278.5
246,72.94729995727539,0.004230459391644006,0.3073005676269531,724,72.63999938964844
225,147.60960372924805,0.00421524058050874,0.6195982360839878,1875,146.99000549316406
516,285.44980392456057,0.004185584035955553,1.1897941589355696,1685,284.260009765625
213,60.217799491882325,0.003964654075706418,0.23779994964599638,570,59.97999954223633
38,218.4053988647461,0.003885830647358178,0.845401306152354,1711,217.55999755859375
226,212.05969619750977,0.003785391041690818,0.7997016906738281,2054,211.25999450683594
505,247.32059967041016,0.003776940148005133,0.9306002807617233,1576,246.38999938964844
370,177.54979553222657,0.0036732711032338087,0.6498016357421932,1991,176.89999389648438
385,25.673899936676026,0.003670837109070917,0.09390001296997141,252,25.579999923706055
358,169.4546041870117,0.0035806814429454586,0.6045980834960858,1881,168.85000610351562
167,27.598299922943117,0.003574542652476964,0.09829992294311651,4,27.5
85,34.75320056915283,0.003557594491414263,0.1231995010375968,382,34.630001068115234
197,162.4364961242676,0.003313787819697174,0.5365022277832168,2200,161.89999389648438
554,126.39660263061523,0.003306868253537891,0.4165992736816406,998,125.9800033569336
372,36.94099975585937,0.0032862591536675983,0.12100006103515426,356,36.81999969482422
396,35.64369903564453,0.0032001199058275275,0.11370025634765568,402,35.529998779296875
325,34.60010105133057,0.003192211293295191,0.1100993728637718,456,34.4900016784668
506,338.8054071044922,0.003184188799282035,1.0753961181640648,1434,337.7300109863281
509,183.94240051269531,0.003176264727340282,0.5823999023437523,1167,183.36000061035156
414,59.97880069732666,0.0031577149842506053,0.1887997817993181,566,59.790000915527344
266,192.302498626709,0.0031429404697876965,0.6025016784668082,2231,191.6999969482422
23,111.56330055236816,0.003086669015439042,0.3432993316650368,823,111.22000122070312
296,133.39400039672853,0.0029624089979588667,0.39400039672852927,881,133.0
175,180.3702978515625,0.0029487406832211056,0.5303015136718727,2126,179.83999633789062
202,105.10989868164063,0.002861378971783876,0.29990112304687955,802,104.80999755859375
206,273.9071105957031,0.0028084348909951646,0.7670959472656023,2266,273.1400146484375
185,382.3424072265625,0.0027601003384714606,1.052398681640625,1528,381.2900085449219
315,78.87480224609375,0.0027307217643551206,0.21479858398437557,767,78.66000366210938
109,52.46570114135742,0.0025931455294198784,0.13569931030273352,486,52.33000183105469
237,46.52809951782226,0.00254470309843663,0.11809967041015312,515,46.40999984741211
235,121.58819900512695,0.002541228800562034,0.30820022583007756,1783,121.27999877929688
360,59.406899032592776,0.002478918582861207,0.1469007110595726,572,59.2599983215332
410,205.128603515625,0.0022896503719861097,0.4685998535156273,2067,204.66000366210938
223,29.204399547576905,0.0022100260561894475,0.06440015792846765,223,29.139999389648438
449,180.1466014099121,0.0022064056184261933,0.39660140991210824,2120,179.75
416,178.01680252075195,0.0021775467393283766,0.386797637939452,1140,177.6300048828125
490,392.37670471191404,0.0021369365805082832,0.8366961669921693,1504,391.5400085449219
32,232.46289672851563,0.0020816493226585636,0.4829010009765682,1379,231.97999572753906
568,28.609199562072753,0.002073566605751732,0.05920032501220618,313,28.549999237060547
79,207.62699783325195,0.0020608151124462824,0.4270008850097611,1230,207.1999969482422
347,68.3581005859375,0.002024323699256575,0.13809936523438182,657,68.22000122070312
47,110.37090118408203,0.002005443986773115,0.2208996582031233,853,110.1500015258789
83,212.72100143432618,0.001983035216752838,0.42099838256837074,1369,212.3000030517578
112,160.94760025024414,0.0019148460020195956,0.3076008605956986,1878,160.63999938964844
463,370.6347955322266,0.001905233072201957,0.7048028564453261,1515,369.92999267578125
431,131.08879745483398,0.001901567746156404,0.24880111694335483,895,130.83999633789062
520,241.40109741210938,0.0018721745987989853,0.45110046386719205,1573,240.9499969482422
451,58.67869956970215,0.0018558967977514553,0.10869987487792798,573,58.56999969482422
538,230.2934962463379,0.0018423506249021092,0.4235011291503952,1284,229.8699951171875
458,242.06339736938477,0.0018351223456577763,0.4434022521972736,1707,241.6199951171875
254,108.76050079345703,0.0016623591762614538,0.1804989624023392,820,108.58000183105469
150,29.33820049285889,0.001645598355239139,0.048199577331544674,325,29.290000915527344
501,28.67009943008423,0.001400638159032099,0.04010026931762667,312,28.6299991607666
7,34.537801055908204,0.0013858908412651674,0.04779937744140739,441,34.4900016784668
413,377.2306948852539,0.001382239499845808,0.5207034301757858,1451,376.7099914550781
496,29.539799919128416,0.001349149800963268,0.039799919128416406,305,29.5
474,216.4710954284668,0.0013465758282365458,0.2911027526855605,1371,216.17999267578125
50,38.72169902801514,0.0013369759896017974,0.051700859069825356,462,38.66999816894531
350,197.1751008605957,0.0011937565566924478,0.2350984191894554,1965,196.94000244140625
45,29.51449966430664,0.0011702890978978404,0.0345001220703125,185,29.479999542236328
44,119.59960006713867,0.001084781494193903,0.12959884643554176,989,119.47000122070312
275,27.658799476623535,0.0010423567401995825,0.028800315856933878,289,27.6299991607666
43,133.4802995300293,0.0009020614811574837,0.12029891967773665,898,133.36000061035156
163,134.6266960144043,0.000867604730758012,0.11670150756836506,913,134.50999450683594
453,141.3900018310547,0.000849419940289083,0.11999755859375227,930,141.27000427246094
22,51.94320106506348,0.0008323610388148008,0.04319953918457031,490,51.900001525878906
268,440.5770980834961,0.0008111781877305656,0.3570968627929574,1490,440.2200012207031
533,332.8108981323242,0.000754452055485885,0.25090057373046193,1429,332.55999755859375
326,196.18189865112305,0.0006217540245192967,0.12190109252929915,1638,196.05999755859375
152,171.27189880371094,0.0005953183142822204,0.10190063476562727,1202,171.1699981689453
373,20.782000331878663,0.0005777503057543702,0.011999874114991371,36,20.770000457763672
158,28.17529989242554,0.0005433254650686855,0.015300045013429298,292,28.15999984741211
94,35.76719985961914,0.00048111495438154004,0.017199859619140057,408,35.75
53,79.8142992401123,0.0004299380965186392,0.034300460815430256,719,79.77999877929688
334,121.16600128173827,0.0003797765366013568,0.04599853515624375,1021,121.12000274658203
528,161.95419525146485,0.0003347829340570149,0.054201354980477845,2214,161.89999389648438
212,34.81089939117432,0.00031322282622816525,0.0109001541137701,387,34.79999923706055
361,162.8792010498047,0.0003021508210818023,0.04919921875000455,2142,162.8300018310547
523,51.882499351501465,0.0002409951778313169,0.012500419616699787,524,51.869998931884766
157,207.88510498046875,0.00016886637441640537,0.03509887695312841,1655,207.85000610351562
502,163.15799896240233,0.00011033206338871577,0.017999572753893744,2215,163.13999938964844
15,149.3861961364746,-9.235448844345843e-05,-0.013797760009765625,1045,149.39999389648438
132,30.257100181579588,-9.583764971289828e-05,-0.002900047302247799,198,30.260000228881836
489,29.906499938964842,-0.00011701465948252592,-0.0034999084472673303,333,29.90999984741211
100,162.6693016052246,-0.00012724098513122733,-0.02070083618164631,2202,162.69000244140625
117,210.99379928588868,-0.0001715371919517917,-0.03619949340819062,1658,211.02999877929688
392,95.4835001373291,-0.0001727734311088782,-0.01649986267089787,778,95.5
25,52.41900005340576,-0.00020980834838818472,-0.011000251770020952,491,52.43000030517578
273,67.84570075988769,-0.00021072576385579674,-0.014299850463871167,658,67.86000061035156
402,247.72189987182617,-0.00023447779383701449,-0.05809890747070767,1268,247.77999877929688
344,227.68619705200194,-0.0003240141228216377,-0.07379745483399347,1259,227.75999450683594
35,89.9800018310547,-0.00033329968296601074,-0.030000305175775566,689,90.01000213623047
454,177.79060348510743,-0.0003340040279426534,-0.059402618408199714,1989,177.85000610351562
341,130.59319648742675,-0.00043472951941064895,-0.05679740905762287,886,130.64999389648438
430,249.9132992553711,-0.00046674208893144004,-0.11669952392577443,2290,250.02999877929688
312,151.46859481811524,-0.0004711526407604147,-0.07139846801757699,1052,151.5399932861328
241,248.8319984436035,-0.0004739847603340601,-0.11799850463867756,1306,248.9499969482422
542,175.74619979858397,-0.0004766082670648848,-0.0838020324707145,1895,175.8300018310547
484,245.72370315551757,-0.0005137398611447496,-0.12630294799805597,2247,245.85000610351562
384,23.987300090789795,-0.0005291628837585568,-0.012699909210205362,40,24.0
412,31.523200626373292,-0.0005326660959537529,-0.01680028915405174,345,31.540000915527344
172,26.8443004989624,-0.0005845164196724203,-0.01570011138916172,227,26.860000610351562
375,181.17279922485352,-0.000591347943320913,-0.10719955444335483,1119,181.27999877929688
539,53.745799179077146,-0.0006359167161769178,-0.03419960021972912,582,53.779998779296875
291,28.980899963378906,-0.0006586219524515037,-0.019100036621093608,160,29.0
419,125.98950073242187,-0.000717806926701062,-0.09050109863281364,864,126.08000183105469
78,172.85930328369142,-0.0007555477502878613,-0.13070220947264488,2152,172.99000549316406
436,89.39630073547363,-0.000823745213188176,-0.07370048522949446,687,89.47000122070312
215,52.33660079956055,-0.0008285656294326232,-0.043400268554684374,489,52.380001068115234
417,115.14779975891113,-0.0008867699877558876,-0.10220024108886605,986,115.25
234,162.03630142211915,-0.0009476602563257558,-0.153701019287098,1819,162.19000244140625
279,140.7530960083008,-0.001042568449587799,-0.14689788818358807,903,140.89999389648438
174,162.88610092163086,-0.0011889925634456777,-0.19390090942383154,2211,163.0800018310547
499,177.5837014770508,-0.0012165442688100063,-0.2163015747070176,1894,177.8000030517578
304,28.92429962158203,-0.0012327162990059357,-0.03569946289062642,299,28.959999084472656
240,29.692799739837646,-0.001251254724906185,-0.037199802398681925,194,29.729999542236328
182,220.9468980407715,-0.0012796532668934795,-0.28309768676757585,1339,221.22999572753906
52,335.40799743652343,-0.001286323565024571,-0.4319989013671943,1427,335.8399963378906
461,125.78769859313965,-0.001288593561214856,-0.16229835510253565,995,125.94999694824219
154,109.71700057983398,-0.0013016569244776576,-0.1430000305175838,828,109.86000061035156
258,121.31189796447754,-0.0014659634737314113,-0.17809989929199332,991,121.48999786376953
101,213.764900970459,-0.0014718836785341566,-0.31510086059569176,1657,214.0800018310547
498,36.84490104675293,-0.0014932378549451372,-0.05510047912597571,362,36.900001525878906
238,146.6091014099121,-0.0015044637906954854,-0.22090042114257358,2186,146.8300018310547
440,27.446699848175047,-0.0015751154348356534,-0.0432999229431168,236,27.489999771118164
147,28.651200466156006,-0.0017003587277413517,-0.04880029678344755,159,28.700000762939453
179,136.22260375976563,-0.0017397255050657229,-0.23740295410155454,954,136.4600067138672
349,27.72080030441284,-0.001771701567872196,-0.0492001533508315,286,27.770000457763672
300,408.84920471191407,-0.0018330111826507405,-0.7508013916015557,1459,409.6000061035156
421,26.790600090026857,-0.00184053883309203,-0.04940006256103402,26,26.84000015258789
514,128.73140174865722,-0.0018500385344464405,-0.23859947204590526,883,128.97000122070312
33,243.89260467529297,-0.0018719108524551493,-0.45740142822265284,2046,244.35000610351562
194,196.6381964111328,-0.0018872042336421995,-0.3717980957031273,2082,197.00999450683594
329,253.75010360717772,-0.0019269268226927965,-0.48990188598634177,2278,254.24000549316406
123,189.8997018432617,-0.0019461944651505126,-0.37030242919922784,1635,190.27000427246094
306,30.228400497436525,-0.0020336882214896665,-0.061600418090819176,197,30.290000915527344
64,265.3372021484375,-0.00204153273810213,-0.5428027343750159,2261,265.8800048828125
90,391.41089935302733,-0.002062877632853071,-0.8091018676757926,1465,392.2200012207031
17,266.9650067138672,-0.0021492181082820934,-0.575001831054692,1417,267.5400085449219
494,46.35939968109131,-0.0021652906879838126,-0.1005994033813451,506,46.459999084472656
308,183.43349731445312,-0.0022111566119179826,-0.40649902343750455,1120,183.83999633789062
492,221.2485041809082,-0.0022165657981414702,-0.49150131225584914,1330,221.74000549316406
151,123.27170196533203,-0.0022525380781188505,-0.27830108642578466,1004,123.55000305175781
487,185.87350326538086,-0.0022893171196484673,-0.42649978637695085,1937,186.3000030517578
66,48.57819896697998,-0.002296152451885134,-0.11179965972900163,480,48.689998626708984
302,56.105001068115236,-0.0024004375235154056,-0.13500061035156108,603,56.2400016784668
337,134.6027939605713,-0.002424951700665801,-0.3271987152099598,952,134.92999267578125
257,177.55730392456056,-0.002431044189276818,-0.4327015686035054,1987,177.99000549316406
321,88.76060203552247,-0.002465737391928634,-0.21940132141112656,771,88.9800033569336
443,172.08039611816406,-0.0024902811567526534,-0.4295983886718773,1138,172.50999450683594
13,23.720700511932375,-0.002493699453357682,-0.0593001747131332,101,23.780000686645508
56,250.26379989624024,-0.002495912531115541,-0.626199493408194,1388,250.88999938964844
207,179.39620407104493,-0.0025232250045601743,-0.4538020324706906,2119,179.85000610351562
495,61.63799968719482,-0.002621351971936228,-0.16199954986572607,568,61.79999923706055
313,192.0777032470703,-0.002711852751264205,-0.5223028564453216,1650,192.60000610351562
406,195.1863507080078,-0.002726601825909185,-0.533650512695317,1154,195.72000122070312
354,27.323599758148195,-0.0027883161111582843,-0.0763998603820788,152,27.399999618530273
473,29.307999820709227,-0.002790050038860889,-0.08199956893921012,320,29.389999389648438
446,176.36185256958007,-0.002929400152242892,-0.5181523132324344,2153,176.8800048828125
0,127.10420288085938,-0.002947917055053784,-0.3758004760742182,968,127.4800033569336
120,266.814295501709,-0.0030106106799892974,-0.8056996154784883,1413,267.6199951171875
547,30.228599853515625,-0.0030145066698069886,-0.09139984130859347,205,30.31999969482422
184,252.00509887695313,-0.0030655111404613764,-0.7748999023437477,2249,252.77999877929688
208,110.13780258178711,-0.003097400115393862,-0.3422007751464804,821,110.4800033569336
424,105.67160011291504,-0.003098112142310904,-0.3283998870849558,850,106.0
142,176.55100463867188,-0.0030999516991707357,-0.5490014648437409,2224,177.10000610351562
485,312.770700378418,-0.003121273694285308,-0.9792996215820153,1532,313.75
192,29.985299892425537,-0.0031482723244917357,-0.0947000312805173,17,30.079999923706055
164,21.960000305175782,-0.0031775024642717946,-0.07000038146972543,110,22.030000686645508
442,63.2179487991333,-0.0031858936557167244,-0.20204936981200916,623,63.41999816894531
316,27.13279956817627,-0.003203517537762759,-0.08719974517822138,148,27.219999313354492
146,26.443800430297852,-0.0032491614819688537,-0.08620025634765582,254,26.530000686645508
70,190.9503971862793,-0.003338374465456515,-0.6395991516113213,1664,191.58999633789062
382,134.65070053100587,-0.0033994528700379972,-0.45930007934569517,899,135.11000061035156
244,192.3410501098633,-0.003414248135423372,-0.6589498901367108,1243,193.0
525,165.5240040588379,-0.003467802670150115,-0.5760020446777219,2204,166.10000610351562
305,296.34540771484376,-0.0035125824074107976,-1.044606933593741,1538,297.3900146484375
330,29.943999500274657,-0.0035274455732817707,-0.10599973678588981,303,30.049999237060547
427,277.0916986083984,-0.0035898368968268666,-0.998297729492208,2271,278.0899963378906
336,34.90369941711426,-0.003605462934165399,-0.12629936218261406,443,35.029998779296875
563,197.45829544067382,-0.0036416250972827044,-0.7216972351074276,1239,198.17999267578125
21,29.68150062561035,-0.0036421714193516407,-0.1085002899169929,165,29.790000915527344
426,77.94430191040038,-0.003652069976651586,-0.28570144653320995,675,78.2300033569336
283,137.54255111694337,-0.00367585602025801,-0.5074519348144406,938,138.0500030517578
39,24.1603999710083,-0.0036948465563587836,-0.0896000289917005,267,24.25
527,34.551599998474124,-0.0037024309565099416,-0.12840030670165703,396,34.68000030517578
183,95.29290084838867,-0.0037334100553424523,-0.3571006774902372,779,95.6500015258789
447,123.66289817810059,-0.003762983047230483,-0.46709907531737827,1755,124.12999725341797
531,59.54380020141602,-0.0037845115378156422,-0.22620025634765284,565,59.77000045776367
93,282.17600006103515,-0.0037917032267073118,-1.073999938964846,1682,283.25
560,388.42450134277345,-0.003886498151367584,-1.5155010986327966,1467,389.94000244140625
292,186.36530059814453,-0.003980011810046641,-0.7447000122070335,1168,187.11000061035156
517,26.064800052642823,-0.004019870972274746,-0.10520002365112191,144,26.170000076293945
49,113.97790168762207,-0.004037930303442472,-0.4621007537841848,841,114.44000244140625
274,26.082700309753417,-0.004096992062473107,-0.1073002243042005,136,26.190000534057617
290,36.18930030822754,-0.004146941214297759,-0.15069984436035355,428,36.34000015258789
221,22.018000297546386,-0.004161027149049599,-0.09200031280517607,51,22.110000610351562
380,385.9859045410156,-0.004164348650884567,-1.614101562500025,1463,387.6000061035156
288,247.0135026550293,-0.004178594573579741,-1.0365003967285134,1302,248.0500030517578
401,163.9315966796875,-0.004181742545976657,-0.6883984375000125,1817,164.6199951171875
333,23.908800220489503,-0.004214910763332614,-0.10120000839233256,33,24.010000228881836
168,74.34160171508789,-0.0042646923574030954,-0.31840194702148494,749,74.66000366210938
242,351.9226989746094,-0.004292959077399326,-1.517303466796875,1510,353.44000244140625
399,412.98649353027344,-0.004299962703761702,-1.7834954833984398,1476,414.7699890136719
286,28.77499975204468,-0.004325254952787161,-0.12499986648559513,14,28.899999618530273
31,65.92339927673339,-0.004328648417191672,-0.28659980773926463,632,66.20999908447266
138,83.88519973754883,-0.004329973441556902,-0.36480026245116903,760,84.25
119,63.51345077514648,-0.004335321153970179,-0.2765501403808628,624,63.790000915527344
84,35.02680000305176,-0.00435475556552172,-0.15320030212402003,394,35.18000030517578
364,149.19580474853515,-0.004365707896792164,-0.6542013549804722,1768,149.85000610351562
381,91.49520141601562,-0.004404788935169897,-0.40480010986328807,690,91.9000015258789
423,28.782299995422363,-0.004417151596809061,-0.1276998519897461,218,28.90999984741211
452,159.292999420166,-0.0044187536239624235,-0.7070005798339878,2192,160.0
310,26.92779947280884,-0.004517551486074887,-0.12219976425170742,20,27.049999237060547
62,126.15909919738769,-0.004583388639521983,-0.5808986663818416,966,126.73999786376953
571,106.2603003692627,-0.004587350170841272,-0.4896996307373058,808,106.75
285,230.5345001220703,-0.0046435839793058644,-1.07550048828125,1288,231.61000061035156
153,173.44909606933595,-0.0046533826641901805,-0.8108984374999864,1131,174.25999450683594
352,134.7132038116455,-0.004704856026257475,-0.6368022918701115,912,135.35000610351562
42,186.73940383911133,-0.0049056794470473605,-0.9205998229980423,1169,187.66000366210938
536,231.99819686889649,-0.004940154654686685,-1.1517970275878895,1274,233.14999389648438
572,139.65625076293946,-0.005013891738044039,-0.703749847412098,902,140.36000061035156
115,24.501899394989014,-0.00520096508901386,-0.12809976577758775,73,24.6299991607666
198,180.03379623413085,-0.005228199335537038,-0.9461994934082156,1617,180.97999572753906
231,49.1696000289917,-0.005268061391389726,-0.2604002761840789,481,49.43000030517578
297,26.827599544525146,-0.005279932237849013,-0.14239976882934613,21,26.969999313354492
20,51.783800773620605,-0.005305428205618777,-0.27620059967041044,483,52.060001373291016
9,107.88379920959473,-0.005312556516150838,-0.5761998748779291,831,108.45999908447266
105,176.36365447998048,-0.005393372460726528,-0.9563528442382676,2172,177.32000732421875
139,27.20090021133423,-0.005451560075169739,-0.14910017013549748,151,27.350000381469727
8,402.3833065795898,-0.005478743179649537,-2.216699523925797,1455,404.6000061035156
366,28.064299488067626,-0.005517357515072126,-0.15569982528686666,9,28.219999313354492
408,185.05610473632814,-0.005609356974479793,-1.0439013671874875,2002,186.10000610351562
365,138.01139572143555,-0.00560989698365421,-0.7785975646972645,2181,138.7899932861328
369,194.01370086669922,-0.005618880325061994,-1.096299743652338,2090,195.11000061035156
188,196.1442463684082,-0.005656231215139102,-1.1157481384277332,2085,197.25999450683594
51,363.94469787597654,-0.005697076497212714,-2.0853009033203307,1442,366.0299987792969
480,119.34579879760742,-0.005700241511686767,-0.68419998168946,1016,120.02999877929688
189,185.7671043395996,-0.005795567185136163,-1.082901763916027,1215,186.85000610351562
311,37.92830097198486,-0.005811285583924703,-0.22170055389404553,461,38.150001525878906
359,141.53709617614746,-0.005850242112844545,-0.8328989410400425,1746,142.3699951171875
324,230.94139846801758,-0.005891262128014862,-1.3685990905761685,1385,232.30999755859375
160,34.692400703430174,-0.005948447374559372,-0.20760082244873246,439,34.900001525878906
544,51.899399528503416,-0.005949043505377366,-0.31059955596924027,494,52.209999084472656
309,55.70160041809082,-0.006038552675018985,-0.338400497436524,600,56.040000915527344
178,35.08679931640625,-0.006039657939438824,-0.21319992065429716,388,35.29999923706055
81,181.15739685058594,-0.006049586796232693,-1.1025976562499977,2156,182.25999450683594
445,27.850100135803224,-0.006063537444139209,-0.1699003219604478,290,28.020000457763672
338,114.89339920043945,-0.006112450545056282,-0.7065992736816469,834,115.5999984741211
65,123.1783023071289,-0.006145716631217982,-0.7617001342773477,994,123.94000244140625
351,151.37690505981445,-0.0061915849465321695,-0.9431022644043026,1102,152.32000732421875
420,392.0671011352539,-0.006242611846154559,-2.4628976440429824,1453,394.5299987792969
261,447.47160583496094,-0.0062590833828811586,-2.8184027099609352,1487,450.2900085449219
128,28.946899585723877,-0.006285601796011392,-0.1830995750427249,317,29.1299991607666
110,122.0958975982666,-0.006381019471658194,-0.7840996551513655,1024,122.87999725341797
71,414.64999420166015,-0.006421758456940892,-2.6799923706054756,1484,417.3299865722656
512,188.65710388183595,-0.006440388506052977,-1.2229010009765489,1216,189.8800048828125
574,196.23150329589845,-0.006523394839467087,-1.2885009765624886,1964,197.52000427246094
156,126.85700172424316,-0.006523617364212452,-0.8330007171630882,1026,127.69000244140625
29,22.869600296020508,-0.006533456070911608,-0.15040016174316406,60,23.020000457763672
356,180.98960189819337,-0.006588728948499452,-1.2004005432128793,1893,182.19000244140625
335,224.5919041442871,-0.0066700659819446,-1.5081019592285259,2033,226.10000610351562
233,232.29229660034179,-0.0067460492999760905,-1.5776985168457145,1276,233.8699951171875
553,205.00609786987306,-0.006753372421660028,-1.3938960266113156,1949,206.39999389648438
125,26.370499572753907,-0.0067608161756961644,-0.17949966430663977,255,26.549999237060547
262,53.55119888305664,-0.006839749599640685,-0.36879928588867017,581,53.91999816894531
211,179.2611994934082,-0.006863160701339539,-1.2388005065917866,1173,180.5
299,29.575600471496582,-0.00686367395688432,-0.20440021514892592,203,29.780000686645508
418,195.05105209350586,-0.006918952921264463,-1.3589515686035156,1192,196.41000366210938
298,27.249400234222414,-0.006946074931690941,-0.19060029983520366,232,27.440000534057617
162,35.74919990539551,-0.006966669294569251,-0.25080009460449304,389,36.0
80,70.83759765625,-0.007042314373848519,-0.5023986816406278,730,71.33999633789062
526,23.930000286102295,-0.007053945754214292,-0.17000009536743121,80,24.100000381469727
521,187.52129959106446,-0.007246015157004564,-1.3686997985839753,1662,188.88999938964844
219,51.890400390625,-0.007262293166524986,-0.379600067138675,488,52.27000045776367
559,195.01770416259765,-0.007341456286164981,-1.4423025512695347,1962,196.4600067138672
171,136.91029434204103,-0.00739286875869797,-1.019698333740223,900,137.92999267578125
470,142.84380325317383,-0.007408799817967536,-1.0662004089355435,1767,143.91000366210938
259,28.864100074768068,-0.007424341454759943,-0.21589984893798686,209,29.079999923706055
247,445.7567971801758,-0.00748841729064892,-3.363197937011705,1489,449.1199951171875
303,21.962399463653565,-0.007573416333886155,-0.16759969711303668,50,22.1299991607666
278,400.8407034301758,-0.007598970572913111,-3.069300231933596,1454,403.9100036621094
236,129.06629806518555,-0.007640316100732864,-0.9936994934082009,1028,130.05999755859375
393,246.29300125122072,-0.007643342485696564,-1.8970011901855344,1269,248.19000244140625
232,91.75930114746093,-0.007685736604955024,-0.7107000732421938,704,92.47000122070312
376,391.33499725341795,-0.007846754759614242,-3.094995422363297,1524,394.42999267578125
190,178.83389694213867,-0.007911337002970956,-1.4260975646972724,1206,180.25999450683594
434,200.97320098876952,-0.007931685397185398,-1.6068008422851676,1972,202.5800018310547
493,438.08699676513675,-0.007932696849576037,-3.502999572753879,1494,441.5899963378906
48,148.06970291137696,-0.008041142404558894,-1.200301361083973,1041,149.27000427246094
166,62.433699417114255,-0.008044156667329163,-0.5062992095947294,619,62.939998626708984
126,23.796199913024903,-0.0080783601476553,-0.19379985809326072,127,23.989999771118164
415,150.8548971557617,-0.008120844314999934,-1.23509918212892,1046,152.08999633789062
91,53.41239906311035,-0.008126265987194839,-0.4375994110107442,538,53.849998474121094
459,19.895699768066407,-0.008190413870893736,-0.16429969787597543,44,20.059999465942383
10,126.89070114135743,-0.008201510708344578,-1.0493013000488247,1073,127.94000244140625
14,46.667901039123535,-0.008331923559824154,-0.39210033416748047,521,47.060001373291016
503,129.29170028686522,-0.008423185120977988,-1.0982991027832156,949,130.38999938964844
210,227.59189926147462,-0.008573350400985181,-1.968098297119127,2020,229.55999755859375
557,81.00579940795899,-0.008618280313351347,-0.7041996765136673,718,81.70999908447266
469,182.4911003112793,-0.008631581399231274,-1.5889015197753906,2122,184.0800018310547
569,30.40359998703003,-0.008686015278813958,-0.26640008926391445,190,30.670000076293945
121,95.05519981384278,-0.008705804370833898,-0.8347995758056612,707,95.88999938964844
398,93.53790054321288,-0.008712378781486473,-0.8221000671386776,706,94.36000061035156
441,55.11479877471924,-0.008726613538086493,-0.4851996994018535,532,55.599998474121094
387,54.2528010559082,-0.008900266854581548,-0.4872006225585963,539,54.7400016784668
217,123.70239952087402,-0.008953694733877944,-1.1176001739501942,981,124.81999969482422
12,23.554200286865235,-0.009078677608016311,-0.2158001708984365,56,23.770000457763672
471,178.1247996520996,-0.009206803528957905,-1.6551991271972781,1111,179.77999877929688
155,36.03319946289062,-0.009260365105451775,-0.33679946899414404,425,36.369998931884766
379,181.13090118408203,-0.009293336049641996,-1.6991006469726528,2121,182.8300018310547
318,173.10190002441405,-0.009431187270878112,-1.64809997558595,1624,174.75
26,179.5182977294922,-0.009444893441482156,-1.7116979980468727,1892,181.22999572753906
187,138.7881958770752,-0.00950470515645159,-1.3317992401123036,917,140.1199951171875
371,35.09919906616211,-0.0096162407943785,-0.340799560546877,421,35.439998626708984
104,134.10390129089356,-0.009645538260784275,-1.3061023712158146,1029,135.41000366210938
462,27.759100399017335,-0.009664655047876596,-0.270900287628173,282,28.030000686645508
124,56.0684992980957,-0.009740368141873883,-0.5514996337890636,578,56.619998931884766
558,200.93369873046876,-0.009788583956238826,-1.98629943847655,2097,202.9199981689453
550,265.69548950195315,-0.009928812025081736,-2.6644958496093523,2262,268.3599853515625
252,31.007499809265138,-0.009977646507152526,-0.31249988555908104,336,31.31999969482422
59,195.46375106811524,-0.010159771814381002,-2.0062501525878815,1931,197.47000122070312
483,365.1824008178711,-0.01018485823892713,-3.7576016235351517,1508,368.94000244140625
515,263.5936917114258,-0.01027407726804126,-2.7362948608398483,1691,266.3299865722656
145,165.72519760131837,-0.010300384463171667,-1.7247993469238168,2196,167.4499969482422
345,166.34829772949217,-0.010361702934999944,-1.7416986083984511,1849,168.08999633789062
395,207.21749542236327,-0.010422629120037172,-2.182498474121104,1955,209.39999389648438
455,140.27899864196777,-0.010586825717678598,-1.5010001373291004,1786,141.77999877929688
102,114.11830055236817,-0.010763696700882064,-1.241700057983394,835,115.36000061035156
320,47.7884005355835,-0.010796953485410014,-0.521600837707517,478,48.310001373291016
519,232.89969711303712,-0.01083159850609676,-2.5502998352050668,1290,235.4499969482422
435,29.564899559020997,-0.010876541895816485,-0.3250998306274404,302,29.889999389648438
72,145.0917984008789,-0.010962498846749682,-1.608198547363287,926,146.6999969482422
227,208.43309799194336,-0.011040503774624597,-2.3268965148925815,1337,210.75999450683594
513,252.3410986328125,-0.011202579739879485,-2.858898315429684,1575,255.1999969482422
230,235.82019790649414,-0.011484740443236599,-2.739799652099606,1386,238.55999755859375
243,57.812701034545896,-0.011579767900233294,-0.6773006439209013,605,58.4900016784668
61,53.65600032806397,-0.011678036042951092,-0.6340005874633761,560,54.290000915527344
173,240.10490280151367,-0.011751332867371688,-2.8551039123535134,2042,242.9600067138672
269,169.63980239868164,-0.011768619482289204,-2.0202012634277366,2151,171.66000366210938
289,37.43409969329834,-0.012032190649088437,-0.45589969635009453,460,37.88999938964844
491,384.6990084838867,-0.012047063324893154,-4.691006164550799,1452,389.3900146484375
439,55.284700622558596,-0.012244069737326337,-0.6853005981445293,585,55.970001220703125
209,77.3503978729248,-0.01225385922086064,-0.9595996856689482,673,78.30999755859375
478,257.6126042175293,-0.012410971095402675,-3.237401885986344,2294,260.8500061035156
143,146.16170059204103,-0.012420941945668722,-1.8382994079589707,1788,148.0
353,149.81450393676758,-0.012689478625880423,-1.9255015563964832,1858,151.74000549316406
407,193.33940353393555,-0.012970192390983919,-2.5406013488769474,1153,195.8800048828125
565,128.0254047393799,-0.012987448055595497,-1.6846019744872933,1000,129.7100067138672
556,117.3820979309082,-0.013181160635222323,-1.5678990173339855,988,118.94999694824219
5,24.360500392913817,-0.01334548942958849,-0.3295001411438001,72,24.690000534057617
425,168.02189895629883,-0.0134349047918207,-2.288098602294923,1800,170.30999755859375
301,82.76390045166016,-0.013541132938696234,-1.1361010742187432,751,83.9000015258789
135,193.9570474243164,-0.013543626075689515,-2.662947692871086,2095,196.6199951171875
36,282.2967013549805,-0.013603903187438803,-3.8933010864257653,1680,286.19000244140625
488,51.08409954071045,-0.013820457662051585,-0.7158996963500996,550,51.79999923706055
220,138.65670303344726,-0.013821500609591909,-1.9433030700683673,901,140.60000610351562
497,74.48720161437988,-0.014067523420876948,-1.062801437377928,670,75.55000305175781
130,97.01300109863281,-0.014095532578638388,-1.3870004272460932,792,98.4000015258789
342,316.064596862793,-0.014115847427528638,-4.525399475097629,1536,320.5899963378906
432,222.6737030029297,-0.014194713168818303,-3.206301879882801,1382,225.8800048828125
545,184.38369949340822,-0.01430716401216259,-2.6762980651855344,2226,187.05999755859375
323,220.88080184936524,-0.014408990014688197,-3.2291987609863213,1342,224.11000061035156
73,229.97500259399413,-0.01458994865703309,-3.405002288818366,1280,233.3800048828125
250,324.59540985107424,-0.014645751259792606,-4.824603576660138,1423,329.4200134277344
530,166.94910247802736,-0.014991462226598293,-2.5409030151367062,1814,169.49000549316406
180,53.112900238037106,-0.015151122983773767,-0.817100067138675,535,53.93000030517578
564,201.73020263671876,-0.01522969672366207,-3.119803466796867,1671,204.85000610351562
562,243.9334976196289,-0.015325145010237965,-3.7964981079101676,2253,247.72999572753906
18,173.56289581298827,-0.015469383271903817,-2.727097473144539,1996,176.2899932861328
570,232.92919815063476,-0.015597992742434338,-3.690796966552739,1325,236.6199951171875
411,242.48999618530274,-0.015868497597545675,-3.9099977111816315,2289,246.39999389648438
248,159.86170303344727,-0.015993497310363786,-2.5983036804199173,2148,162.4600067138672
386,79.98410102844238,-0.016064705036010398,-1.305899887084962,715,81.29000091552734
251,55.201700325012204,-0.01618785021313631,-0.908300285339358,584,56.11000061035156
466,247.3727996826172,-0.016410339234126447,-4.127200317382801,1315,251.5
464,27.017199535369873,-0.016483428806075423,-0.45279977798461957,235,27.469999313354492
294,64.15120197296143,-0.01653842294118926,-1.0788013839721629,649,65.2300033569336
28,235.1060028076172,-0.01682767529389424,-4.0240020751953125,1347,239.1300048828125
405,168.1222998046875,-0.016828656112938677,-2.8777001953125136,2221,171.0
460,209.90550003051757,-0.01683606543083104,-3.5944999694824276,1251,213.5
245,213.6276010131836,-0.017035847727775784,-3.70240081787108,1717,217.3300018310547
332,24.189500331878662,-0.017086561074526257,-0.4205002784729004,262,24.610000610351562
161,183.29959991455078,-0.017160322173990442,-3.2004000854492176,1117,186.5
137,240.0058038330078,-0.01721552256368147,-4.204202880859384,2036,244.2100067138672
467,184.10249969482422,-0.01738631994510876,-3.257500915527345,1810,187.36000061035156
504,142.00010368347168,-0.017776188078788002,-2.5699036407470714,1094,144.57000732421875
535,156.1606005859375,-0.017857857950078694,-2.8393994140625125,2188,159.0
82,87.99789894104003,-0.01788057545049835,-1.6020995330810592,753,89.5999984741211
280,220.2614013671875,-0.018617898007328947,-4.178601074218761,1365,224.44000244140625
255,150.5208010864258,-0.019216785761512627,-2.9492001342773335,1066,153.47000122070312
518,76.1047006225586,-0.019395696121051062,-1.5052999877929665,736,77.61000061035156
508,70.70419822692871,-0.01976707445974144,-1.4257990264892584,746,72.12999725341797
540,196.8735043334961,-0.019798365193825707,-3.9765017700195244,1636,200.85000610351562
567,257.283706817627,-0.01990896633870909,-5.226302947998022,1391,262.510009765625
362,195.99295318603515,-0.019986260299720508,-3.997052307128911,1238,199.99000549316406
367,179.66470207214354,-0.02116753426867929,-3.8853009796142715,2114,183.5500030517578
511,243.49639724731446,-0.02127736718385694,-5.29359603881835,1297,248.7899932861328
277,229.69139862060547,-0.02134042774930778,-5.008598327636719,1613,234.6999969482422
551,23.4095001411438,-0.02175094681964566,-0.5205001640319828,121,23.93000030517578
199,170.2409987640381,-0.022558416754968773,-3.9289994049072163,1740,174.1699981689453
200,35.720999488830564,-0.02268125213500423,-0.8289997482299825,446,36.54999923706055
214,217.9787985229492,-0.022779517131079532,-5.081199035644545,1338,223.05999755859375
363,144.7525983428955,-0.02326179943546596,-3.4473986053466774,1082,148.1999969482422
482,173.20819961547852,-0.024344049983299795,-4.321799163818355,1821,177.52999877929688
6,186.30450210571288,-0.024685907555640648,-4.715502166748053,1942,191.02000427246094
2,121.21279945373536,-0.026403217239073434,-3.2872005462646428,1754,124.5
40,336.61570129394534,-0.027571938604092284,-9.54430236816404,1556,346.1600036621094
374,303.0181069946289,-0.027666240689710544,-8.621907653808591,1588,311.6400146484375
122,164.79920150756837,-0.028192005377197866,-4.780800323486318,1109,169.5800018310547
113,153.8897035217285,-0.028351440981495283,-4.4903013610839935,1876,158.3800048828125
141,23.532499923706055,-0.029187287710088647,-0.7074998474121088,30,24.239999771118164
272,202.27569503784179,-0.02952692920501441,-6.1542976379394645,1249,208.42999267578125
284,278.8648989868164,-0.03003513395889948,-8.6351010131836,2263,287.5
428,175.16519638061524,-0.031112324323256727,-5.62479690551757,1882,180.7899932861328
534,253.00249771118163,-0.03282808496857307,-8.587498626708992,1574,261.5899963378906
510,307.55151000976565,-0.03640223996355897,-11.618503417968725,1547,319.1700134277344
355,71.1363977432251,-0.036614283975501545,-2.7035985946655217,664,73.83999633789062
193,73.11510215759277,-0.036818619018347945,-2.794901504516602,731,75.91000366210938
108,365.5325012207031,-0.03966451269851298,-15.097503662109375,1521,380.6300048828125
106,140.91019622802733,-0.040055843906499744,-5.879797058105481,1039,146.7899932861328
477,190.06959785461424,-0.044107818571736256,-8.77039848327638,1927,198.83999633789062
144,267.2863949584961,-0.04866741497879162,-13.673596496582036,1579,280.9599914550781
